{
    "player1_elo_rating": 901.8181818181819,
    "player2_elo_rating": 498.1818181818182
}